{"abbrev.":"abbreviation",
"Abd.":"Aberdeen",
"Aberd.":"Aberdeen",
"Aberdeensh.":"Aberdeenshire",
"abl.":"ablative",
"Abol.":"abolition",
"Aborig.":"aboriginal",
"Abp.":"archbishop",
"Abr.":"abridged",
"Abridg.":"abridged",
"Abridgem.":"abridgement",
"absol.":"absolute",
"Abst.":"abstract",
"abstr.":"abstract",
"Acad.":"academy",
"acc.":"according",
"Acc.":"account",
"Accept.":"acceptance",
"Accomm.":"accommodation",
"Accompl.":"accomplished",
"Accs.": "accounts",
"Acct.":"account",
"Accts.":"accounts",
"accus.":"accusative",
"Achievem.":"achievement",
"A.D.":"Anno Domini",
"ad.":"adaptation of",
"Add.":"addenda",
"Addit.": "addition",
"Addr.":"address",
"adj. phr.":"adjectival phrase",
"adj.":"adjective",
"adjs.":"adjectives",
"Adm.":"admiral",
"Admin.":"administration",
"Admir.":"admiralty",
"Admon.":"admonition",
"Admonit.":"admonition",
"adv.":"adverb, adverbial(ly)",
"Adv.":"advanced",
"Adv.":"advances",
"Adv.":"adventure(s)",
"Adv.":"advices",
"Adv.":"advocate",
"Advancem.":"advancement(s)",
"advb.":"adverb, adverbial(ly)",
"Advert.":"advertisement",
"Advoc.":"advocate",
"advs.":"adverbs",
"Advt.":"advertisement",
"Advts.":"advertisements",
"Aerodynam.":"aerodynamics",
"Aeronaut.":"aeronautics, aeronautical",
"Aff.":"affairs",
"Affect.":"affecting",
"Affect.":"affection(s)",
"Afr.":"Africa(n)",
"Agric.":"agriculture, agricultural",
"agst.":"against",
"Alch.":"alchemy",
"Alg.":"algebra",
"Alleg.":"allegiance",
"Allit.":"alliterative",
"Alm.":"almanac",
"Alph.":"alphabet, alphabetical",
"alt.":"alteration",
"Amer.":"America, American",
"Anal.":"analysis",
"Analyt.":"analytic(al)",
"Anat.":"anatomy, anatomical",
"Anc.":"ancient",
"Anecd.":"anecdotes",
"Ang.":"Anglian",
"Angl.":"Anglian",
"Anglo-Ind.":"Anglo-Indian",
"Anim.":"animal(s)",
"Ann.":"annal(s)",
"Ann.":"annual",
"Anniv.":"anniversary",
"Annot.":"annotation",
"Anon.":"(in author names) Anonymous",
"Answ.":"answer",
"Ant.":"antiquities",
"Anthrop.":"anthropology",
"Anthropol.":"anthropology, anthropological",
"Antiq.":"antiquity, antiquities",
"aphet.":"aphetic, aphetized",
"Apoc.":"apocalyptic(al)",
"Apol.":"apology, apologies",
"app.":"apparently",
"App.":"appendix",
"Appl.":"applied",
"Applic.":"application(s)",
"appos.":"appositive(ly)",
"Apr.":"April",
"Arab.":"Arabic",
"Arb.":"(in author names) Arber",
"arch.":"archaic",
"Arch.":"architecture",
"Arch.":"archive(s)",
"Archaeol.":"archaeology, archaeological",
"Archipel.":"archipelago",
"Archit.":"architecture, architectural",
"Argt.":"argument",
"Arith.":"arithmetic",
"Arithm.":"arithmetic, arithmetical",
"Arrangem.":"arrangement",
"art.":"article",
"Artic.":"articulation",
"Artific.":"artificial",
"Artill.":"artillery",
"Ashm.":"Ashmole",
"Assemb.":"assembly",
"Assoc.":"association",
"Assoc. Football":"Association Football",
"Assyriol.":"Assyriology",
"Astr.":"astronomy",
"Astrol.":"astrology",
"Astron.":"astronomy, astronomic",
"Astronaut.":"astronautics",
"Att.":"Attic",
"attrib.":"attributive",
"Attrib.":"attribute",
"Aug.":"August",
"Austral.":"Australia",
"Auth.":"author",
"Autobiog.":"autobiography",
"Autobiogr.":"autobiography",
"A.V.":"Authorized Version",
"Ayrsh.":"Ayrshire",
"Bacteriol.":"bacteriology",
"B.C.":"Before Christ",
"B.C.":"British Columbia",
"Bedford.":"Bedfordshire",
"Bedfordsh.":"Bedfordshire",
"bef.":"before",
"Bel & Dr.":"Bel and the Dragon",
"Belg.":"Belgian",
"Berks.":"Berkshire",
"Berksh.":"Berkshire",
"Berw.":"Berwickshire",
"Berwicksh.":"Berwickshire",
"betw.":"between",
"Bibliogr.":"bibliography",
"Biochem.":"biochemistry, biochemical",
"Biog.":"biography",
"Biogr.":"biography, biographic(al)",
"Biol.":"biology, biological",
"Bk.":"book",
"Bks.":"books",
"BNC":"British National Corpus",
"Bord.":"border",
"Bot.":"botany, botanic(al)",
"Bp.":"Bishop",
"Braz.":"Brazilian",
"Brit.":"Britain, British",
"Bucks.":"Buckinghamshire",
"Build.":"building",
"Bull.":"bulletin",
"Bur.":"bureau",
"c.":"century",
"C.":"county, counties",
"Cal.":"calendar",
"Calc.":"calculus",
"Calend.":"calendar",
"Calif.":"California",
"Calligr.":"calligraphy",
"Camb.":"Cambridge",
"Cambr.":"Cambridge",
"Campanol.":"campanology",
"Canad.":"Canadian",
"Canterb.":"Canterbury",
"Capt.":"captain",
"Cartogr.":"cartography, cartographic(al)",
"Catal.":"catalogue",
"Catech.":"catechism",
"Cath.":"Catholic",
"cent.":"century",
"Cent.":"central",
"Cent.":"century",
"Ceram.":"ceramics",
"Cert.":"certificate",
"Certif.":"certificate",
"cf.":"confer, �compare�",
"Ch.":"Church",
"Chamb.":"chamber",
"Char.":"character",
"Charac.":"character",
"Chas.":"Charles",
"Chem. Engin.":"chemical engineering",
"Chem.":"chemistry, chemical",
"Chesh.":"Cheshire",
"Ch. Hist.":"Church history",
"Chr.":"Christian",
"Chr.":"(in the Bible) Chronicles",
"Chron.":"chronology, chronicle",
"Chron.":"(in the Bible) Chronicles",
"Chronol.":"chronology",
"Chrons.":"chronicles",
"Cinematogr.":"cinematography, cinematographic(al)",
"Circ.":"circle",
"Civ. Law":"civil law",
"Civil Engin.":"civil engineering",
"cl.":"clause",
"Cl.":"club",
"Class. Antiq.":"classical antiquities",
"Class.":"classical",
"Classif.":"classification",
"Climatol.":"climatology",
"Clin.":"clinical",
"cogn. w.":"cognate with",
"Col.":"colonel",
"Col.":"(in the Bible) Colossians",
"Coll.":"collected, collection",
"Coll.":"college",
"collect.":"collective(ly)",
"Collect.":"collection",
"colloq.":"colloquial(ly)",
"Colloq.":"colloquies",
"Coloss.":"(in the Bible) Colossians",
"Com.":"common",
"Com.":"commission",
"Comb.":"combination(s)",
"comb. form":"combining form",
"Combs.":"combinations",
"Comm.":"commerce, in commercial usage",
"Comm.":"common",
"Comm.":"commentary",
"Comm.":"commission",
"Comm.":"committee",
"Commandm.":"commandment",
"Commend.":"commendation",
"Commerc.":"commercial",
"Commiss.":"commission",
"Comm. Law":"commercial law",
"Commonw.":"commonwealth",
"Communic.":"communication(s)",
"comp.":"comparative",
"comp.":"compound, composition",
"Comp.":"companion",
"Comp.":"company",
"Compan.":"companion(s)",
"Comp. Anat.":"comparative anatomy",
"compar.":"comparative",
"Compar.":"comparative",
"Compend.":"compendium, compendious",
"compl.":"complement",
"Compl.":"complete",
"Compos.":"composition",
"conc.":"concerning",
"Conc.":"concise",
"Conch.":"conchology",
"Concl.":"conclusion",
"concr.":"concrete(ly)",
"Conf.":"conference",
"Conf.":"confession",
"Confid.":"confidential",
"Confl.":"conflict",
"Confut.":"confutation",
"Congr.":"congress",
"Congreg.":"congregation",
"Congress.":"congressional",
"conj.":"conjugation",
"conj.":"conjunction",
"Conn.":"Connecticut",
"cons.":"consonant",
"Consc.":"conscience",
"Consecr.":"consecrated, consecration",
"Consid.":"consideration(s)",
"Consol.":"consolation",
"const.":"construction, construed with",
"Constit. Hist.":"constitutional history",
"Constit.":"constitution(al)",
"Constr.":"construction",
"Contemp.":"contemporary",
"Contempl.":"contemplation",
"contempt.":"contemptuous(ly)",
"Contend.":"contending(s)",
"Content.":"contention",
"Contin.":"continuation",
"contr.":"contracted, contraction",
"contr.":"contrasted (with)",
"Contradict.":"contradiction",
"Contrib.":"contribution",
"Controv.":"controversial",
"Controv.":"controversy",
"Conv.":"convention",
"Convent.":"convention",
"Conversat.":"conversation",
"Convoc.":"convocation",
"Cor.":"(in the Bible) Corinthians",
"Cornw.":"Cornwall",
"Coron.":"coronation",
"Corr.":"correspondence",
"corresp.":"corresponding (to)",
"Corresp.":"correspondence",
"Counc.":"council",
"Courtsh.":"courtship",
"cpd.":"compound",
"Craniol.":"craniology",
"Craniom.":"craniometry",
"Crim.":"criminal",
"Crim. Law":"criminal law",
"Crit.":"critical",
"Crit.":"criticism",
"Crt.":"court",
"Crts.":"courts",
"Cryptogr.":"cryptography",
"Crystallogr.":"crystallography",
"Ct.":"count",
"Ct.":"court",
"Cumb.":"Cumberland",
"Cumberld.":"Cumberland",
"Cumbld.":"Cumberland",
"Cycl.":"cyclopaedia",
"Cytol.":"cytology, cytological",
"Dan.":"(in the Bible) Daniel",
"dat.":"dative",
"Dau.":"daughter",
"D.C.":"District of Columbia",
"Deb.":"debate",
"Dec.":"December",
"Declar.":"declaration",
"Ded.":"dedicated",
"Ded.":"dedication",
"def.":"definite",
"def.":"definition",
"Def.":"defence",
"Deliv.":"deliverance",
"dem.":"demonstrative",
"Demonstr.":"demonstration",
"Dep.":"department",
"Dep.":"deputy",
"Depred.":"depredation",
"Depredat.":"depredation",
"Dept.":"department",
"Derbysh.":"Derbyshire",
"deriv.":"derivative (in etymologies)",
"derog.":"derogatory",
"Descr.":"description, descriptive",
"Deut.":"(in the Bible) Deuteronomy",
"Devel.":"development",
"Devonsh.":"Devonshire",
"dial.":"dialect",
"Dial.":"dialect",
"Dict.":"dictionary",
"Diffic.":"difficult, difficulty",
"dim.":"diminutive",
"Direct.":"direction",
"Dis.":"disease(s)",
"Disc.":"discourse",
"Discipl.":"discipline",
"Discov.":"discovery",
"Discrim.":"discrimination",
"Discuss.":"discussion",
"Diss.":"dissertation",
"Dist.":"district",
"Distemp.":"distemper",
"Distill.":"distilling",
"Distrib.":"distribution",
"Div.":"divinity",
"Div.":"division",
"Divers.":"diversity",
"Dk.":"Duke",
"Doc.":"document(s)",
"Doctr.":"doctrine",
"Domest.":"domestic",
"Durh.":"Durham",
"dyslog.":"dyslogistic",
"E. Afr.":"East Africa(n)",
"E. Angl.":"East Anglia(n)",
"E. Anglian":"East Anglian",
"E. Ind.":"East Indies",
"e.":"east",
"E.":"east",
"East Ind.":"East Indies",
"east.":"eastern",
"Eccl.":"ecclesiastical",
"Eccl.":"Ecclesiastes",
"Eccl. Hist.":"ecclesiastical history",
"Eccl. Law":"ecclesiastical law",
"Eccles.":"ecclesiastical",
"Eccles.":"Ecclesiastes",
"Ecclus.":"Ecclesiasticus",
"Ecol.":"ecology",
"Econ.":"economics",
"ed.":"edition",
"Ed.":"edition",
"Ed.":"Edward",
"E.D.D.":"English Dialect Dictionary",
"Edin.":"Edinburgh",
"Edinb.":"Edinburgh",
"Educ.":"education",
"Edw.":"Edward",
"E.E.T.S.":"Early English Text Society",
"Egypt.":"Egyptian",
"Egyptol.":"Egyptology",
"Electr.":"electricity, electric(al)",
"Electr. Engin.":"electrical engineering",
"Electro-magn.":"electro-magnetism",
"Electro-physiol.":"electro-physiology",
"Elem.":"element(s), elementary",
"Eliz.":"Elizabeth",
"Elizab.":"Elizabethan",
"ellipt.":"elliptical",
"Emb.":"embassy",
"Embryol.":"embryology",
"e. midl.":"east midland",
"emph.":"emphatic",
"Encycl. Brit.":"Encyclopaedia Britannica",
"Encycl. Metrop.":"Encyclopaedia Metropolitana",
"Encycl.":"encyclopaedia",
"Eng.":"English",
"Engin.":"engineering",
"Englishw.":"Englishwomen",
"Enq.":"enquiry",
"Ent.":"entomology",
"Enthus.":"enthusiasm",
"Entom.":"entomology",
"Entomol.":"entomology",
"Enzymol.":"enzymology",
"eOE":"early Old English",
"Ep.":"epistle",
"Epil.":"epilogue",
"Episc.":"episcopacy",
"Epist.":"epistle",
"Epit.":"epitaph",
"Equip.":"equipment",
"erron.":"erroneous",
"esp.":"especially",
"Ess.":"essay",
"Essent.":"essential",
"Establ.":"establishment",
"Esth.":"Esther",
"Ethnol.":"ethnology",
"etym.":"etymology",
"etymol.":"etymological",
"Etymol.":"etymology",
"euphem.":"euphemistic",
"Eval.":"evaluation",
"Evang.":"evangelical",
"Even.":"evening",
"Evid.":"evidence",
"Evol.":"evolution",
"Ex. doc.":"executive document",
"Exalt.":"exaltation",
"Exam.":"examination",
"exc.":"except",
"Exch.":"exchange",
"Exch.":"exchequer",
"Exec.":"execution",
"Exec.":"executive",
"Exerc.":"exercise",
"Exhib.":"exhibition",
"Exod.":"Exodus",
"Exped.":"expedition",
"Exper.":"experiment",
"Explan.":"explanation",
"Explic.":"explication",
"Explor.":"exploration",
"Expos.":"exposition",
"Fab.":"fable",
"fam.":"familiar",
"Fam.":"family",
"famil.":"familiar",
"Farew.":"farewell",
"Feb.":"February",
"fem.":"feminine",
"Ff.":"folios",
"Fifesh.":"Fifeshire",
"fig.":"figurative",
"fl.":"floruit",
"Footpr.":"footprint",
"Forfarsh.":"Forfarshire",
"Fortif.":"fortification",
"Fortn.":"fortnightly",
"Found.":"foundation",
"Fr.":"father",
"Fr.":"French",
"Fr.":"from",
"Fragm.":"fragment",
"Fratern.":"fraternity",
"freq.":"frequently",
"Friendsh.":"friendship",
"Fund.":"fundamental",
"Furnit.":"furniture",
"fut.":"future",
"Gard.":"garden",
"Gastron.":"gastronomy",
"Gaz.":"gazette",
"Gd.":"good",
"gen.":"general",
"gen.":"genitive",
"Gen.":"general",
"Geo.":"George",
"Geog.":"geography",
"Geogr.":"geography",
"Geol.":"geology",
"Geom.":"geometry",
"Geomorphol.":"geomorphology",
"Ger.":"German",
"gerund.":"gerundial",
"Glac.":"glacier",
"Glasg.":"Glasgow",
"Glos.":"Gloucestershire",
"Gloss.":"glossary",
"Glouc.":"Gloucestershire",
"Gloucestersh.":"Gloucestershire",
"Gosp.":"gospel",
"Gov.":"government",
"Govt.":"government",
"Gr.":"grammar",
"Gram.":"grammar",
"Gramm. Analysis":"grammatical analysis",
"Gt.":"great",
"Gynaecol.":"gynaecology",
"Hab.":"Habakkuk",
"Haematol.":"haematology",
"Hag.":"Haggai",
"Hampsh.":"Hampshire",
"Handbk.":"handbook",
"Hants.":"Hampshire",
"Heb.":"Hebrew",
"Hen.":"Henry",
"Her.":"heraldry",
"Herb.":"herbalism",
"Heref.":"Herefordshire",
"Hereford.":"Herefordshire",
"Herefordsh.":"Herefordshire",
"Hertfordsh.":"Hertfordshire",
"Hierogl.":"Hieroglyphic",
"hist.":"historical",
"Hist.":"history, historic(al)",
"Histol.":"histology, histologic(al)",
"Hom.":"homilies",
"Horol.":"horology",
"Hort.":"horticulture, horticultural",
"Hosp.":"hospital",
"Househ.":"household",
"Housek.":"housekeeping",
"Husb.":"husbandry",
"Hydraul.":"hydraulic",
"Hydrol.":"hydrology",
"Ichth.":"ichthyology",
"Icthyol.":"icthyology",
"Ideol.":"ideology",
"Idol.":"idolatry",
"Illustr.":"illustrated",
"Imag.":"imaginary",
"imit.":"imitative",
"Immunol.":"immunology",
"imp.":"imperative",
"imperf.":"imperfect",
"impers.":"impersonal",
"impf.":"imperfect",
"Impr.":"impression",
"Impr.":"imprint",
"Impr.":"improved",
"improp.":"improper",
"Inaug.":"inaugural",
"Inclos.":"inclosure",
"Ind.":"India",
"ind.":"indicative",
"ind.":"indirect",
"Ind.":"industry",
"indef.":"indefinite",
"indic.":"indicative",
"indir.":"indirect",
"Industr.":"industrial",
"Industr. Rel.":"industrial relations",
"infin.":"infinitive",
"infl.":"influenced",
"Infl.":"influence",
"Innoc.":"innocence",
"Inorg.":"inorganic",
"Inq.":"inquiry",
"Inst.":"institute",
"instr.":"instrumental",
"Instr.":"instruction",
"int.":"interjection",
"Intell.":"intelligence",
"Intellect.":"intellectual",
"Interc.":"intercourse",
"interj.":"interjection",
"Interl.":"interlude",
"Internat.":"international",
"Interpr.":"interpretation",
"interrog.":"interrogative",
"intr.":"intransitive",
"intrans.":"intransitive",
"Intro.":"introduction",
"Introd.":"introduction",
"Inv.":"inventory",
"Invent.":"invention",
"Invent.":"inventory",
"Invertebr.":"invertebrate",
"Invert. Zool.":"invertebrate zoology",
"Investig.":"investigation",
"Investm.":"investment",
"Invoc.":"invocation",
"Ir.":"Irish",
"Irel.":"Ireland",
"iron.":"ironically",
"irreg.":"irregular",
"Ital.":"Italian",
"Jahrb.":"Jahrbuch",
"Jan.":"January",
"Jap.":"Japanese",
"Jas.":"James",
"joc.":"jocular",
"Jrnl.":"journal",
"Jrnls.":"journals",
"Jul.":"July",
"Jun.":"June",
"Jun.":"junior",
"Jurisd.":"jurisdiction",
"Jurisdict.":"jurisdiction",
"Jurispr.":"jurisprudence",
"Justif.":"justification",
"Justific.":"justification",
"K.":"king",
"Kent.":"Kentish",
"King’s Bench Div.":"King’s Bench Division",
"Kingd.":"kingdom",
"Knowl.":"knowledge",
"Kpr.":"keeper",
"l.":"line",
"Lab.":"laboratory",
"Lament":"lamentation",
"Lanc.":"Lancashire",
"Lancash.":"Lancashire",
"Lancs.":"Lancashire",
"Lang.":"language",
"Langs.":"languages",
"Lat.":"Latin",
"Ld.":"Lord",
"Lds.":"Lords",
"Lect.":"lecture",
"Leechd.":"leechdom",
"Leg.":"legend",
"Leicest.":"Leicestershire",
"Leicester.":"Leicestershire",
"Leicestersh.":"Leicestershire",
"Leics.":"Leicestershire",
"Let.":"letter",
"Lett.":"letters",
"Lex.":"lexicon",
"Libr.":"library",
"Limnol.":"limnology",
"Lincolnsh.":"Lincolnshire",
"Lincs.":"Lincolnshire",
"Ling.":"linguistic",
"Linn.":"Linnean",
"lit.":"literal",
"Lit.":"literary, literature",
"Lithogr.":"lithography",
"Lithol.":"lithology",
"Liturg.":"liturgy",
"ll.":"lines",
"Lond.":"London",
"LXX":"Septuagint",
"m.":"masculine",
"Mach.":"machinery",
"Mag.":"magazine",
"Magn.":"magnetism",
"Man.":"manual",
"Managem.":"management",
"Manch.":"Manchester",
"Manip.":"manipulation",
"Manuf.":"manufacturing",
"Mar.":"March",
"masc.":"masculine",
"Mass.":"Massachussets",
"Math.":"mathematics",
"Meas.":"measure",
"Measurem.":"measurement",
"Mech.":"mechanics",
"med.":"medieval",
"Med.":"medicine",
"Medit.":"meditation",
"Mem.":"memoir",
"Merc.":"mercury",
"Merch.":"merchant",
"Metall.":"metallurgy",
"Metallif.":"metalliferous",
"Metallogr.":"metallography",
"Metallogr.":"metallography",
"Metamorph.":"metamorphosis",
"Metaph.":"metaphysics",
"metaphor.":"metaphorical",
"Meteorol.":"meteorology",
"Meth.":"method",
"metr. gr.":"metri gratia",
"Metrop.":"metropolitan",
"Mex.":"Mexican",
"Mich.":"Michigan",
"Microbiol.":"microbiology",
"Microsc.":"microscopic",
"Mil.":"military",
"Milit.":"military",
"Min.":"mineralogy",
"Mineral.":"mineralogy",
"Misc.":"miscellaneous",
"Miscell.":"miscellany",
"mispr.":"misprinted",
"mod.":"modern",
"Mod.":"modern",
"Monum.":"monument",
"Morphol.":"morphology",
"MS.":"manuscript",
"MSS.":"manuscripts",
"Mt.":"mount",
"Mtg.":"meeting",
"Mts.":"mountains",
"Munic.":"municipal",
"Munif.":"munificence",
"Munim.":"muniment",
"Mus.":"music",
"Mus.":"museum",
"Myst.":"mystery",
"Myth.":"mythology",
"Mythol.":"mythology",
"n.":"neuter",
"n.":"north",
"n.":"noun",
"N.":"north",
"N. Afr.":"North Africa",
"N. Amer.":"North America",
"Narr.":"narrative",
"Narrat.":"narrative",
"Nat.":"natural",
"Nat. Hist.":"natural history",
"Nat. Philos.":"natural philosophy",
"Nat. Sci.":"natural science",
"Naut.":"nautical",
"Nav.":"naval",
"Nav.":"navigation",
"Navig.":"navigation",
"N. Carolina":"North Carolina",
"N. Dakota":"North Dakota",
"n.e.":"north-eastern",
"N.E.":"north-east",
"N.E.D.":"New English Dictionary",
"Neighb.":"neighbour",
"Nerv.":"nervous",
"Neurol.":"neurology",
"Neurosurg.":"neurosurgery",
"New Hampsh.":"New Hampshire",
"Newc.":"Newcastle",
"Newspr.":"newsprint",
"N. Ir.":"Northern Irish",
"N. Irel.":"Northern Ireland",
"No.":"number",
"nom.":"nominative",
"Non-conf.":"nonconformist",
"nonce-wd.":"nonce-word",
"Nonconf.":"nonconformist",
"Norf.":"Norfolk",
"Northamptonsh.":"Northamptonshire",
"Northants.":"Northamptonshire",
"Northumb.":"Northumberland",
"Northumbld.":"Northumberland",
"Northumbr.":"Northumbrian",
"Norw.":"Norwegian",
"Norweg.":"Norwegian",
"Notts.":"Nottinghamshire",
"Nov.":"November",
"ns.":"nouns",
"N.S. Wales":"New South Wales",
"N.S.W.":"New South Wales",
"N.T.":"New Testament",
"Nucl.":"nuclear",
"Numism.":"numismatics",
"N.W.":"north-west",
"N.Y.":"New York",
"N.Z.":"New Zealand",
"Obed.":"obedience",
"obj.":"object",
"Obj.":"object",
"obl.":"oblique",
"obs.":"obsolete",
"Obs.":"obsolete",
"Observ.":"observation",
"Obstet.":"obstetric",
"Obstetr.":"obstetric",
"Obstetr. Med.":"obstetric medicine",
"occas.":"occasionally",
"Occas.":"occasional",
"Occup.":"occupation",
"Occurr.":"occurrence",
"Oceanogr.":"oceanography",
"Oct.":"October",
"O.E.D.":"Oxford English Dictionary",
"Off.":"official",
"Offic.":"official",
"Okla.":"Oklahoma",
"Ont.":"Ontario",
"Ophthalm.":"ophthalmology",
"Ophthalmol.":"ophthalmology",
"opp.":"opposed",
"Oppress.":"oppression",
"Opt.":"optics",
"Orac.":"oracle",
"Ord.":"order",
"Ord.":"ordinance",
"Org.":"organic",
"Organ. Chem.":"organic chemistry",
"Org. Chem.":"organic chemistry",
"orig.":"origin",
"Orig.":"original",
"Orkn.":"Orkney",
"Ornith.":"ornithology",
"Ornithol.":"ornithology",
"Orthogr.":"orthography",
"O.T.":"Old Testament",
"Outl.":"outline",
"Oxf.":"Oxford",
"Oxfordsh.":"Oxfordshire",
"Oxon.":"Oxfordshire",
"p.":"page",
"pa.":"past",
"Pa.":"Pennsylvania",
"Palaeobot.":"palaeobotany",
"Palaeogr.":"palaeography",
"Palaeont.":"palaeontology",
"Palaeontol.":"palaeontology",
"pa. pple.":"passive participle",
"Paraphr.":"paraphrase",
"Parasitol.":"parasitology",
"Parl.":"parliament",
"Parnass.":"Parnassus",
"pass.":"passive",
"pa. t.":"past tense",
"Path.":"pathology",
"Pathol.":"pathology",
"Peculat.":"peculation",
"Penins.":"peninsula",
"perf.":"perfect",
"Perf.":"perfect",
"perh.":"perhaps",
"Periodontol.":"periodontology",
"pers.":"person",
"Pers.":"Persian",
"Pers.":"personal",
"Persec.":"persecution",
"personif.":"personified",
"Perthsh.":"Perthshire",
"Petrogr.":"petrography",
"Petrol.":"petrology",
"pf.":"perfect",
"Pharm.":"pharmacology",
"Pharmaceut.":"pharmaceutical",
"Pharmacol.":"pharmacology",
"Phil.":"philosophy",
"Philad.":"Philadelphia",
"Philol.":"philology",
"Philos.":"philosophy",
"Phoen.":"Phoenician",
"phonet.":"phonetic",
"Phonol.":"phonology",
"Photog.":"photography",
"Photogr.":"photography",
"phr.":"phrase",
"Phrenol.":"phrenology",
"Phys.":"physiology",
"Physical Chem.":"physical chemistry",
"Physical Geogr.":"physical geography",
"Physiogr.":"physiography",
"Physiol.":"physiology",
"Pict.":"pictorial",
"Pict.":"picture",
"pl.":"plural",
"plur.":"plural",
"poet.":"poetic",
"Poet.":"poetical",
"Pol.":"politics",
"Pol. Econ.":"political economy",
"Polit.":"politics",
"Polytechn.":"polytechnic",
"pop.":"popular",
"Pop.":"popular",
"Porc.":"porcelain",
"Port.":"Portuguese",
"poss.":"possessive",
"poss.":"possible",
"Posth.":"posthumous",
"Postm.":"postmaster",
"Pott.":"pottery",
"ppl.":"participial",
"ppl. a.":"participial adjective",
"ppl. adj.":"participial adjective",
"ppl. adjs.":"participial adjectives",
"pple.":"participle",
"pples.":"participles",
"P. R.":"public records",
"pr.":"present",
"Pract.":"practical",
"Pract.":"practice",
"prec.":"preceding",
"pred.":"predicate",
"predic.":"predicate",
"Predict.":"prediction",
"pref.":"prefix",
"Pref.":"preface",
"Preh.":"prehistoric",
"Prehist.":"prehistory",
"prep.":"preposition",
"Prerog.":"prerogative",
"pres.":"present",
"Pres.":"present",
"Presb.":"Presbyterian",
"Presb.":"presbytery",
"Preserv.":"preservation",
"pres. pple.":"present participle",
"Prim.":"primer",
"Princ.":"principle",
"Print.":"printing",
"priv.":"privative",
"prob.":"probably",
"Probab.":"probability",
"Probl.":"problem",
"Proc.":"proceedings",
"Prod.":"product",
"Prol.":"prologue",
"pron.":"pronoun",
"pron.":"pronunciation",
"pronunc.":"pronunciation",
"Pronunc.":"pronunciation",
"prop.":"properly",
"Prop.":"property",
"propr.":"proprietary",
"Pros.":"prosody",
"prov.":"proverb",
"Prov.":"proverb",
"Provid.":"providence",
"Provinc.":"provincial",
"Provis.":"provisional",
"pr. pple.":"present participle",
"pseudo-arch.":"pseudo-archaic",
"pseudo-dial.":"pseudo-dialect",
"pseudo-Sc.":"pseudo-Scots",
"Psych.":"psychology",
"Psychoanal.":"psychoanalysis",
"Psychoanalyt.":"psychoanalytic",
"Psychol.":"psychology",
"Psychopathol.":"psychopathology",
"Pt.":"part",
"Publ.":"public",
"Publ.":"publication",
"Purg.":"purgatory",
"Q.":"quarterly",
"Q.":"queen",
"Q. Eliz.":"Queen Elizabeth",
"Qld.":"Queensland",
"Quantum Mech.":"quantum mechanics",
"Queen’s Bench Div.":"Queen’s Bench Division",
"quot.":"quotation",
"quots.":"quotations",
"q.v.":"quod vide",
"R.":"royal",
"Radiol.":"radiology",
"R.A.F.":"Royal Air Force",
"R.C.":"Roman Catholic",
"R.C. Church":"Roman Catholic Church",
"Reas.":"reason",
"Reb.":"rebellion",
"Rebell.":"rebellion",
"Rec.":"record",
"Reclam.":"reclamation",
"Recoll.":"recollection",
"Redempt.":"redemption",
"redupl.":"reduplicating",
"Ref.":"reference",
"Ref.":"reformation",
"refash.":"refashioned",
"refl.":"reflexive",
"Refl.":"reflection",
"Refus.":"refusal",
"Refut.":"refutation",
"reg.":"regular",
"Reg.":"register",
"Regic.":"regicide",
"Regist.":"register",
"Regr.":"register",
"rel.":"related",
"rel.":"relative",
"Rel.":"relating",
"Relig.":"religion",
"Reminisc.":"reminiscence",
"Remonstr.":"remonstrance",
"Renfrewsh.":"Renfrewshire",
"Rep.":"report",
"repr.":"representative",
"Reprod.":"reproduction",
"Rept.":"report",
"Repub.":"republic",
"Res.":"research",
"Resid.":"residence",
"Ret.":"return",
"Retrosp.":"retrospective",
"Rev.":"review",
"Rev.":"revised",
"Revol.":"revolution",
"Rhet.":"rhetoric",
"rhet.":"rhetorical",
"Rhode Isl.":"Rhode Island",
"Rich.":"Richard",
"R.N.":"Royal Navy",
"Rom.":"Roman",
"Rom. Antiq.":"Roman antiquities",
"Ross-sh.":"Ross-shire",
"Roxb.":"Roxburgh",
"Roy.":"royal",
"Rudim.":"rudiment(s)",
"Russ.":"Russia",
"s.":"south",
"S.":"southern",
"S. Afr.":"South Africa",
"Sask.":"Saskatchewan",
"Sat.":"Saturday",
"Sax.":"Saxon",
"sc.":"scilicet",
"Sc.":"Scottish",
"Scand.":"Scandinavia",
"S. Carolina":"South Carolina",
"Sch.":"school",
"Sci.":"science",
"Scot.":"Scottish",
"Scotl.":"Scotland",
"Script.":"scripture",
"Sculpt.":"sculpture",
"S. Dakota":"South Dakota",
"S.E.":"south-east",
"Seismol.":"seismology",
"Sel.":"selected",
"Sel. comm.":"select committee",
"Select.":"selection",
"Sept.":"September",
"Ser.":"series",
"Serm.":"sermon",
"Sess.":"session",
"Settlem.":"settlement",
"Sev.":"several",
"Shakes.":"Shakespeare",
"Shaks.":"Shakespeare",
"Sheph.":"shepherd",
"Shetl.":"Shetland",
"Shropsh.":"Shropshire",
"sing.":"singular",
"Soc.":"society",
"Sociol.":"sociology",
"Som.":"Somerset",
"Song of Sol.":"Song of Solomon",
"Sonn.":"sonnet",
"sp.":"spelling",
"Span.":"Spanish",
"spec.":"specifically",
"Spec.":"special",
"Spec.":"specimen",
"Specif.":"specification",
"Specim.":"specimen",
"Spectrosc.":"spectroscopy",
"SS.":"saints",
"St.":"Saint",
"St.":"street",
"Staff.":"Staffordshire",
"Stafford.":"Staffordshire",
"Staffordsh.":"Staffordshire",
"Staffs.":"Staffordshire",
"Stand.":"standard",
"Stat.":"statistical",
"Statist.":"statistical",
"Stock Exch.":"stock exchange",
"str.":"strong",
"Stratigr.":"stratigraphy",
"Struct.":"structure",
"S.T.S.":"Scottish Text Society",
"Stud.":"studies",
"subj.":"subject",
"subj.":"subjunctive",
"Subj.":"subject",
"subjunct.":"subjunctive",
"subord.":"subordinate",
"subord. cl.":"subordinate clause",
"Subscr.":"subscription",
"Subscript.":"subscription",
"subseq.":"subsequent",
"subst.":"substantive",
"suff.":"suffix",
"Suff.":"Suffolk",
"superl.":"superlative",
"Suppl.":"supplement",
"Supplic.":"supplication",
"Suppress.":"suppression",
"Surg.":"surgery",
"Surv.":"survey",
"s.v.":"sub verbo",
"S.W.":"south-west",
"syll.":"syllable",
"Symmetr.":"symmetrical",
"Symp.":"symposium",
"Syst.":"system",
"t.":"tense",
"Taxon.":"taxonomy",
"techn.":"technical",
"Techn.":"technical",
"Technol.":"technology",
"Tel.":"telegraph",
"Telecomm.":"telecommunications",
"Telegr.":"telegraph",
"Telegr.":"telegraphy",
"Teleph.":"telephony",
"Teratol.":"teratology",
"Terminol.":"terminology",
"Terrestr.":"terrestrial",
"Test.":"testament",
"Textbk.":"textbook",
"Theat.":"theatre",
"Theatr.":"theatre",
"Theol.":"theology",
"Theoret.":"theoretical",
"Thermonucl.":"thermonuclear",
"Thes.":"thesaurus",
"Topogr.":"topography",
"tr.":"translation",
"Trad.":"tradition",
"Trag.":"tragedy",
"trans.":"transitive",
"Trans.":"transaction",
"transf.":"transferred sense",
"transl.":"translation",
"Transl.":"translation",
"Transubstant.":"transubstantiation",
"Trav.":"travel",
"Treas.":"treasurer",
"Treat.":"treatise",
"Treatm.":"treatment",
"Trib.":"tribune",
"Trig.":"trigonometry",
"Trigonom.":"trigonometry",
"Trop.":"tropical",
"Troub.":"troublesome",
"Troubl.":"troublesome",
"Typog.":"typography",
"Typogr.":"typography",
"U.K.":"United Kingdom",
"ult.":"ultimately",
"Univ.":"university",
"unkn.":"unknown",
"Unnat.":"unnatural",
"Unoffic.":"unofficial",
"unstr.":"unstressed",
"Urin.":"urinary",
"U.S.":"United States",
"U.S.A.F.":"United States Air Force",
"U.S.S.R.":"Union of Soviet Socialist Republics",
"usu.":"usually",
"Utilit.":"utilitarian",
"v.":"verb",
"Va.":"Virginia",
"Vac.":"vacation",
"Valedict.":"valediction",
"var.":"variant",
"varr.":"variants",
"vars.":"variants",
"vb.":"verb",
"vbl.":"verbal",
"vbl.n.":"verbal noun",
"vbl. ns.":"verbal nouns",
"vbs.":"verbs",
"Veg.":"vegetable",
"Veg. Phys.":"vegetable physiology",
"Veg. Physiol.":"vegetable physiology",
"Venet.":"Venetian",
"Vertebr.":"vertebrate",
"Vet.":"veterinary",
"Vet. Med.":"veterinary medicine",
"Vet. Path.":"veterinary pathology",
"Vet. Sci.":"veterinary science",
"Vet. Surg.":"veterinary surgery",
"Vic.":"Victoria",
"Vict.":"Victoria",
"Vind.":"vindication",
"Vindic.":"vindication",
"Virg.":"virgin",
"Virol.":"virology",
"viz.":"videlicet",
"Voc.":"vocabulary",
"Vocab.":"vocabulary",
"Vol.":"volume",
"Vols.":"volumes",
"Voy.":"voyage",
"v.r.":"variant reading",
"v.rr.":"variant readings",
"vulg.":"vulgar",
"Vulg.":"vulgar",
"Vulg.":"Vulgate",
"w.":"west",
"W.":"west",
"W. Afr.":"West Africa",
"Warwicksh.":"Warwickshire",
"wd.":"word",
"Wd.":"word",
"west.":"western",
"Westm.":"Westminster",
"Westmld.":"Westmoreland",
"Westmorld.":"Westmoreland",
"Westmrld.":"Westmoreland",
"Will.":"William",
"Wilts.":"Wiltshire",
"Wiltsh.":"Wiltshire",
"W. Ind.":"West Indies",
"W. Indies":"West Indies",
"Wis.":"Wisconsin",
"Wisd.":"wisdom",
"wk.":"weak",
"Wk.":"week",
"Wk.":"work",
"Wkly.":"weekly",
"Wks.":"works",
"Wonderf.":"wonderful",
"Worc.":"Worcestershire",
"Worcestersh.":"Worcestershire",
"Worcs.":"Worcestershire",
"Writ.":"writing",
"W. Va.":"West Virginia",
"Yearbk.":"yearbook",
"Yng.":"young",
"Yorks.":"Yorkshire",
"Yorksh.":"Yorkshire",
"Yr.":"year",
"Yrs.":"years",
"Zeitschr.":"Zeitschrift",
"Zoogeogr.":"zoogeography",
"Zool.":"zoology"
}
